,Safe,Warning,Critical
ambient_temperature,29.0,31.2,31.8
uv_index,1.99,4.11,7.27
gas,8.2,8.2,7.8
noise,65.3,65.2,66.8
body_temperature,37.04,37.01,37.07
heart_rate,81.0,93.0,106.0
hr_deviation_bpm,0.0,9.0,24.0
hr_deviation_pct,0.0,11.25,28.9157
body_temp_deviation_c,0.11,0.23,0.39
body_temp_deviation_pct,0.2998,0.6269,1.063
gas_ratio_to_baseline,1.0263,1.0,0.9487
heart_rate_rolling_mean_30s,81.5,92.8333,105.0333
heart_rate_rolling_mean_60s,81.2833,92.85,104.65
heart_rate_rolling_std_60s,2.6712,2.9016,3.108
body_temp_rolling_mean_300s,37.0594,37.0069,37.0699
ambient_temp_rolling_mean_300s,28.72415,31.196649999999998,31.6457
uv_rolling_mean_300s,2.43,3.96705,5.9181
gas_rolling_mean_30s,8.2217,8.1767,7.8067
noise_rolling_mean_60s,65.2,65.2317,66.7233
hr_trend_60s_bpm_per_min,0.0,0.0,0.0
body_temp_trend_300s_c_per_min,-0.006,0.0,0.003
ambient_temp_trend_300s_c_per_min,0.0,0.0,0.18
uv_trend_300s_per_min,-0.0285,0.0375,0.315
gas_trend_60s_per_min,-0.075,0.0,0.0
noise_trend_60s_db_per_min,-0.075,0.0,-0.15
noise_dose_pct,0.1426,4.2815,1.0409
temp_warning_exposure_sec,0.0,1394.5,3492.0
temp_critical_exposure_sec,0.0,0.0,0.0
uv_warning_exposure_sec,0.0,57.0,239.0
uv_critical_exposure_sec,0.0,0.0,0.0
gas_warning_exposure_sec,0.0,0.0,0.0
gas_critical_exposure_sec,0.0,0.0,0.0
noise_warning_exposure_sec,0.0,0.0,0.0
noise_critical_exposure_sec,0.0,0.0,0.0
hr_warning_exposure_sec,0.0,0.0,553.0
hr_critical_exposure_sec,0.0,0.0,0.0
body_temp_warning_exposure_sec,0.0,0.0,0.0
body_temp_critical_exposure_sec,0.0,0.0,0.0
