,count,mean,std,min,25%,50%,75%,max
ambient_temperature,32579.0,30.513086650910097,2.033665454088036,25.3,29.3,30.8,31.6,37.2
uv_index,32508.0,3.9372266826627293,2.9037830984826787,0.0,1.21,3.51,5.95,13.12
gas,32502.0,8.71018706541136,2.6934379235398955,6.5,7.9,8.2,8.5,55.2
noise,32572.0,66.55200785951124,6.593978568820304,54.0,63.4,65.3,67.4,105.8
body_temperature,32579.0,37.01774486632493,0.2276272343459297,36.25,36.88,37.02,37.14,37.8
heart_rate,32579.0,90.97674882593081,12.142153392572835,51.0,82.0,90.0,99.0,158.0
hr_deviation_bpm,32579.0,8.3918935510605,11.038689559819744,-32.0,0.0,7.0,15.0,71.0
hr_deviation_pct,32579.0,10.024909699499677,13.171329777369733,-38.5542,0.0,8.75,18.0723,81.6092
body_temp_deviation_c,32579.0,0.19839313668313946,0.16376941630620265,-0.31,0.07,0.2,0.32,0.81
body_temp_deviation_pct,32579.0,0.539387031523374,0.44514516805543014,-0.8479,0.1908,0.5407,0.8722,2.1922
gas_ratio_to_baseline,32502.0,1.075908691772814,0.3337118682227613,0.8313,0.9639,1.0092,1.0769,7.2632
heart_rate_rolling_mean_30s,32579.0,91.00265587648485,11.781712867955939,71.2333,81.9667,89.7,98.5667,143.6333
heart_rate_rolling_mean_60s,32579.0,91.02598624267166,11.690846939973579,71.7333,81.9667,89.65,98.6167,141.6333
heart_rate_rolling_std_60s,32579.0,3.089978452377298,1.3371649280434847,1.1345,2.2863,2.8515,3.4123,16.2901
body_temp_rolling_mean_300s,32539.0,37.01320892160177,0.22162166995167906,36.4866,36.87625,37.0211,37.1315,37.6734
ambient_temp_rolling_mean_300s,32539.0,30.46580589753834,1.9367192503182777,25.753,29.243650000000002,30.8343,31.609,35.6557
uv_rolling_mean_300s,32539.0,3.8766194535787823,2.047942240917827,0.5048,2.3398000000000003,3.564,5.23625,10.0844
gas_rolling_mean_30s,32579.0,8.715162613953774,2.516518881002243,6.9367,7.88,8.1767,8.5067,40.14
noise_rolling_mean_60s,32579.0,66.54611120353603,5.239694337854416,61.3483,64.2517,65.3092,66.3883,98.0617
hr_trend_60s_bpm_per_min,32549.0,-0.09549832560140097,5.717217002924331,-36.75,-3.0,0.0,2.25,59.25
body_temp_trend_300s_c_per_min,31820.0,0.002058350094280327,0.028891112472165477,-0.078,-0.015,-0.003,0.012,0.138
ambient_temp_trend_300s_c_per_min,32004.0,0.022718366454193225,0.42191375632833944,-1.65,-0.09,0.03,0.135,1.65
uv_trend_300s_per_min,32004.0,0.021061401699787534,0.9534983769330228,-3.039,-0.48,0.0225,0.606,3.0495
gas_trend_60s_per_min,32549.0,-0.024304881870410754,2.5203178751616298,-18.375,-0.225,0.0,0.15,34.35
noise_trend_60s_db_per_min,32549.0,0.022393188730836604,7.106226533970546,-53.4,-1.65,-0.075,1.575,56.775
noise_dose_pct,32579.0,6.578894849442892,11.753764184170558,0.0,0.3549,1.0409,5.5665,47.3774
temp_warning_exposure_sec,32579.0,1512.982227815464,1921.584792834033,0.0,0.0,416.0,2841.0,7196.0
temp_critical_exposure_sec,32579.0,2.0266429294944595,14.873007846090527,0.0,0.0,0.0,0.0,207.0
uv_warning_exposure_sec,32579.0,133.8253169219436,229.80011485844787,0.0,0.0,21.0,173.0,1454.0
uv_critical_exposure_sec,32579.0,12.912182694373676,65.43644980391967,0.0,0.0,0.0,0.0,722.0
gas_warning_exposure_sec,32579.0,1.2011111452162435,11.106937434512867,0.0,0.0,0.0,0.0,186.0
gas_critical_exposure_sec,32579.0,0.12115166211363149,2.6611647776443426,0.0,0.0,0.0,0.0,88.0
noise_warning_exposure_sec,32579.0,3.835507535529022,22.44736648076186,0.0,0.0,0.0,0.0,269.0
noise_critical_exposure_sec,32579.0,3.411584149298628,21.29516688092403,0.0,0.0,0.0,0.0,267.0
hr_warning_exposure_sec,32579.0,115.32032904631818,328.5381458993912,0.0,0.0,0.0,0.0,1811.0
hr_critical_exposure_sec,32579.0,1.8951471806992235,18.364004392788775,0.0,0.0,0.0,0.0,317.0
body_temp_warning_exposure_sec,32579.0,2.9046625126615306,28.532062263494545,0.0,0.0,0.0,0.0,431.0
body_temp_critical_exposure_sec,32579.0,0.0,0.0,0.0,0.0,0.0,0.0,0.0
