experiment,experiment_name,training_data,test_data,model,feature_set,n_features,hyperparameters,candidates_evaluated,non_converged_discarded,cv_accuracy,cv_balanced_accuracy,cv_macro_f1,cv_weighted_f1,cv_critical_precision,cv_critical_recall,cv_critical_f1,cv_critical_to_safe_rate,accuracy,balanced_accuracy,macro_precision,macro_recall,macro_f1,weighted_f1,safe_precision,safe_recall,safe_f1,safe_support,warning_precision,warning_recall,warning_f1,warning_support,critical_precision,critical_recall,critical_f1,critical_support,critical_false_negative_rate,critical_to_safe_rate,n_test,weighted_precision,weighted_recall,critical_false_negative_count,critical_to_warning_count,critical_to_warning_pct,critical_to_safe_count,critical_to_safe_pct,confusion_matrix,critical_flag,n_train,optimization_seconds
EXP1,Synthetic -> Worker 1 Real,prosafe_synthetic_ml_ready.csv,prosafe_W001_ml_ready.csv,Random Forest,EXTENDED,38,"{""n_estimators"": 200, ""min_samples_split"": 12, ""min_samples_leaf"": 6, ""max_features"": 0.75, ""max_depth"": 32, ""criterion"": ""entropy"", ""class_weight"": ""balanced"", ""bootstrap"": false}",36,0,0.943815987933635,0.7839395189442193,0.8257664684083599,0.9410004638604174,0.8508474576271187,0.4372822299651568,0.5776754890678941,0.0,0.781377095968605,0.6014171569016468,0.8366374936320046,0.6014171569016468,0.540007372984405,0.7481548991935889,0.6492295986303975,1.0,0.7873125720876586,3413,0.8606828822656161,0.8034324698859396,0.8310728856544272,9381,1.0,0.000819000819000819,0.0016366612111292963,1221,0.9991809991809992,0.0,14015,0.8213262032578873,0.781377095968605,1220,1220,99.91809991809991,0,0.0,"[[3413, 0, 0], [1844, 7537, 0], [0, 1220, 1]]",POOR CRITICAL DETECTION (Critical recall 0.001),18564,1288.2
EXP1,Synthetic -> Worker 1 Real,prosafe_synthetic_ml_ready.csv,prosafe_W001_ml_ready.csv,XGBoost,EXTENDED,38,"{""subsample"": 1.0, ""reg_lambda"": 2, ""reg_alpha"": 1.0, ""n_estimators"": 16, ""min_child_weight"": 10, ""max_depth"": 5, ""learning_rate"": 0.05, ""gamma"": 0.5, ""colsample_bytree"": 0.9, ""class_weight"": ""balanced"", ""critical_weight"": 2.0, ""warning_weight"": 1.25}",36,0,0.9221073044602457,0.7532540009422538,0.7772492722992866,0.9194722238146104,0.6186440677966102,0.38153310104529614,0.47198275862068967,0.0,0.7382090617195861,0.6187248832701129,0.8097830521597998,0.6187248832701129,0.5850537905382619,0.7240536741124954,0.5663598326359832,0.9915030764723117,0.7209203238176395,3413,0.8629893238434164,0.723803432469886,0.7872920169285176,9381,1.0,0.14086814086814087,0.24694903086862885,1221,0.8591318591318591,0.0,14015,0.8026891869969104,0.7382090617195861,1049,1049,85.91318591318591,0,0.0,"[[3384, 29, 0], [2591, 6790, 0], [0, 1049, 172]]",POOR CRITICAL DETECTION (Critical recall 0.141),18564,241.4
EXP1,Synthetic -> Worker 1 Real,prosafe_synthetic_ml_ready.csv,prosafe_W001_ml_ready.csv,SVM,EXTENDED,38,"{""kernel"": ""linear"", ""C"": 10, ""class_weight"": ""balanced""}",36,0,0.8836996336996337,0.8415589158371319,0.774846962809045,0.888293391295004,0.4166666666666667,0.7665505226480837,0.5398773006134969,0.0,0.6278986799857296,0.7972472103742417,0.7159183632080786,0.7972472103742417,0.6389075241339791,0.6845828996367984,0.9857142857142858,0.9501904482859654,0.967626435924213,3413,0.970647098065377,0.4653022065877838,0.62905317769131,9381,0.1913937058445729,0.9762489762489762,0.3200429587864143,1221,0.02375102375102378,0.0,14015,0.9064270423781934,0.6278986799857296,29,29,2.375102375102375,0,0.0,"[[3243, 103, 67], [47, 4365, 4969], [0, 29, 1192]]",OK,18564,393.6
EXP1,Synthetic -> Worker 1 Real,prosafe_synthetic_ml_ready.csv,prosafe_W001_ml_ready.csv,Logistic Regression,EXTENDED,38,"{""penalty"": ""l1"", ""solver"": ""saga"", ""C"": 0.3, ""class_weight"": null, ""max_iter"": 5000}",36,10,0.8728183581124758,0.7813210401930455,0.7501602985687272,0.8752117975711731,0.41403508771929826,0.6167247386759582,0.49545136459062283,0.0,0.7144488048519444,0.8371695290779764,0.6778194545374121,0.8371695290779764,0.6813785977251787,0.7408501022974713,0.7875766871165644,0.9027248754761207,0.8412286689419796,3413,0.9452168156239655,0.6087837117578083,0.7405822472930039,9381,0.30066486087170646,1.0,0.4623248769405528,1221,0.0,0.0,14015,0.8506735622990801,0.7144488048519444,0,0,0.0,0,0.0,"[[3081, 331, 1], [831, 5711, 2839], [0, 0, 1221]]",OK,18564,882.8
EXP2,Synthetic + Worker 1 -> Worker 2 Real,prosafe_synthetic_ml_ready.csv + prosafe_W001_ml_ready.csv,prosafe_W002_ml_ready.csv,Random Forest,EXTENDED,38,"{""n_estimators"": 300, ""min_samples_split"": 8, ""min_samples_leaf"": 1, ""max_features"": 1.0, ""max_depth"": 16, ""criterion"": ""log_loss"", ""class_weight"": ""balanced_subsample"", ""bootstrap"": false}",36,0,0.8869210227447129,0.6471182189237819,0.6431492718384657,0.8667488585046903,0.8604651162790697,0.06183844011142061,0.11538461538461539,0.0,0.9285352622061482,0.65737738664284,0.6561706191861044,0.65737738664284,0.6553189228931164,0.9310081867209512,0.9463453601384636,0.9991565926342424,0.9720341880341881,7114,0.9591527987897126,0.8845140288327391,0.9203225806451613,6451,0.06301369863013699,0.08846153846153847,0.0736,260,0.9115384615384615,0.0,13825,0.935709161566821,0.9285352622061482,237,237,91.15384615384616,0,0.0,"[[7108, 6, 0], [403, 5706, 342], [0, 237, 23]]",POOR CRITICAL DETECTION (Critical recall 0.088),32579,3851.0
EXP2,Synthetic + Worker 1 -> Worker 2 Real,prosafe_synthetic_ml_ready.csv + prosafe_W001_ml_ready.csv,prosafe_W002_ml_ready.csv,XGBoost,EXTENDED,38,"{""subsample"": 1.0, ""reg_lambda"": 5, ""reg_alpha"": 0.1, ""n_estimators"": 20, ""min_child_weight"": 1, ""max_depth"": 8, ""learning_rate"": 0.15, ""gamma"": 0.05, ""colsample_bytree"": 0.6, ""class_weight"": ""balanced"", ""critical_weight"": 1.0, ""warning_weight"": 0.75}",36,0,0.8255931735166825,0.6789134497695996,0.6879059585515828,0.8193749334510019,0.9655913978494624,0.2501392757660167,0.3973451327433628,0.0,0.9546473779385172,0.6765653581741117,0.7085130789926354,0.6765653581741117,0.68476855925335,0.9501491376497274,0.9743768277398691,0.9835535563677256,0.9789436866037076,7114,0.945805266380894,0.9576809796930709,0.9517060771778479,6451,0.20535714285714285,0.08846153846153847,0.12365591397849462,260,0.9115384615384615,0.0,13825,0.9465822338594888,0.9546473779385172,237,237,91.15384615384616,0,0.0,"[[6997, 117, 0], [184, 6178, 89], [0, 237, 23]]",POOR CRITICAL DETECTION (Critical recall 0.088),32579,222.8
EXP2,Synthetic + Worker 1 -> Worker 2 Real,prosafe_synthetic_ml_ready.csv + prosafe_W001_ml_ready.csv,prosafe_W002_ml_ready.csv,SVM,BASIC_PERSONALIZED,11,"{""kernel"": ""rbf"", ""C"": 10, ""gamma"": 0.0001, ""class_weight"": null}",36,0,0.8245802510819853,0.634300636484735,0.6568724042307258,0.8146191484024776,0.771551724137931,0.19944289693593314,0.31695440460380697,0.0,0.6365280289330922,0.4376866802721106,0.4424933796869122,0.4376866802721106,0.42482596341873924,0.6233480783777808,0.7490993854630218,0.49690750632555525,0.5974816192005409,7114,0.578380753597715,0.8161525344907766,0.676996271055677,6451,0.0,0.0,0.0,260,1.0,0.0038461538461538464,13825,0.6553509779126797,0.6365280289330922,260,259,99.61538461538461,1,0.38461538461538464,"[[3535, 3579, 0], [1183, 5265, 3], [1, 259, 0]]",UNSAFE CRITICAL DETECTION: model missed every Critical test observation.,32579,1457.3
EXP2,Synthetic + Worker 1 -> Worker 2 Real,prosafe_synthetic_ml_ready.csv + prosafe_W001_ml_ready.csv,prosafe_W002_ml_ready.csv,Logistic Regression,EXTENDED,38,"{""penalty"": ""l1"", ""solver"": ""saga"", ""C"": 0.1, ""class_weight"": null, ""max_iter"": 5000}",36,0,0.8183492433776359,0.8348080178006766,0.7352523234467565,0.8304778943272927,0.36920448999511957,0.8428969359331476,0.5134905820464959,0.0,0.9132007233273056,0.6193185508466242,0.6091170764867714,0.6193185508466242,0.6138927580886967,0.9042457344856475,0.9092113982770046,0.9642957548495924,0.9359437887986902,7114,0.9181398311833094,0.8936598976902805,0.9057344854673999,6451,0.0,0.0,0.0,260,1.0,0.0,13825,0.8962784765501729,0.9132007233273056,260,260,100.0,0,0.0,"[[6860, 254, 0], [685, 5765, 1], [0, 260, 0]]",UNSAFE CRITICAL DETECTION: model missed every Critical test observation.,32579,507.5
EXP3,Worker 1 -> Worker 2 Real,prosafe_W001_ml_ready.csv,prosafe_W002_ml_ready.csv,Random Forest,EXTENDED,38,"{""n_estimators"": 1000, ""min_samples_split"": 12, ""min_samples_leaf"": 4, ""max_features"": 0.5, ""max_depth"": 32, ""criterion"": ""gini"", ""class_weight"": ""balanced"", ""bootstrap"": false}",36,0,0.8359614698537281,0.6241169428261127,0.6912616331689717,0.8145772171153566,1.0,0.28665028665028663,0.44557606619987267,0.0,0.8894755877034358,0.6038005104721665,0.5925332020920256,0.6038005104721665,0.5981110336618576,0.881000916140151,0.901510989010989,0.9225470902445881,0.9119077393358344,7114,0.8760886172650878,0.8888544411719114,0.8824253616497384,6451,0.0,0.0,0.0,260,1.0,0.0,13825,0.8726941660615738,0.8894755877034358,260,260,100.0,0,0.0,"[[6563, 551, 0], [717, 5734, 0], [0, 260, 0]]",UNSAFE CRITICAL DETECTION: model missed every Critical test observation.,14015,601.6
EXP3,Worker 1 -> Worker 2 Real,prosafe_W001_ml_ready.csv,prosafe_W002_ml_ready.csv,XGBoost,EXTENDED,38,"{""subsample"": 0.6, ""reg_lambda"": 2, ""reg_alpha"": 1.0, ""n_estimators"": 283, ""min_child_weight"": 5, ""max_depth"": 6, ""learning_rate"": 0.05, ""gamma"": 1.0, ""colsample_bytree"": 0.6, ""class_weight"": ""balanced"", ""critical_weight"": 1.5, ""warning_weight"": 0.75}",36,0,0.8163396361041741,0.6970529632410208,0.7114476915329186,0.8113240967972514,0.6293888166449935,0.3963963963963964,0.4864321608040201,0.0,0.8926582278481012,0.6062570529993621,0.5946436679002153,0.6062570529993621,0.6003684778151204,0.8842733231204074,0.9113128491620112,0.9172055102614562,0.914249684741488,7114,0.8726181545386347,0.90156564873663,0.8868557487038732,6451,0.0,0.0,0.0,260,1.0,0.0,13825,0.8761185767715934,0.8926582278481012,260,260,100.0,0,0.0,"[[6525, 589, 0], [635, 5816, 0], [0, 260, 0]]",UNSAFE CRITICAL DETECTION: model missed every Critical test observation.,14015,100.0
EXP3,Worker 1 -> Worker 2 Real,prosafe_W001_ml_ready.csv,prosafe_W002_ml_ready.csv,SVM,EXTENDED,38,"{""kernel"": ""rbf"", ""C"": 10, ""gamma"": 0.0001, ""class_weight"": null}",36,0,0.8736353906528719,0.8335500808264563,0.8089834212524826,0.8775134150214557,0.5520640788662969,0.7338247338247338,0.630098452883263,0.0,0.8439059674502712,0.5770117039386945,0.5771686533343171,0.5770117039386945,0.5679161210623754,0.8357502323113198,0.9728063814358231,0.7542873207759347,0.84972288202692,7114,0.7586995785671282,0.9767477910401489,0.854025481160206,6451,0.0,0.0,0.0,260,1.0,0.0,13825,0.8546051051624586,0.8439059674502712,260,260,100.0,0,0.0,"[[5366, 1744, 4], [150, 6301, 0], [0, 260, 0]]",UNSAFE CRITICAL DETECTION: model missed every Critical test observation.,14015,117.5
EXP3,Worker 1 -> Worker 2 Real,prosafe_W001_ml_ready.csv,prosafe_W002_ml_ready.csv,Logistic Regression,EXTENDED,38,"{""penalty"": ""l2"", ""solver"": ""lbfgs"", ""C"": 0.01, ""class_weight"": null, ""max_iter"": 5000}",36,0,0.845594006421691,0.7325611148284121,0.7417812956023754,0.845888085831259,0.4639175257731959,0.47911547911547914,0.47139403706688154,0.0,0.8357323688969258,0.57193849801262,0.5752986788507625,0.57193849801262,0.5621316001589222,0.827097690717787,0.9804180003765769,0.7319370255833567,0.838148893360161,7114,0.7454780361757106,0.9838784684545032,0.8482459071166054,6451,0.0,0.0,0.0,260,1.0,0.0,13825,0.8523524387738501,0.8357323688969258,260,260,100.0,0,0.0,"[[5207, 1907, 0], [104, 6347, 0], [0, 260, 0]]",UNSAFE CRITICAL DETECTION: model missed every Critical test observation.,14015,240.3
