experiment,model,feature_set,candidates,non_converged_discarded,best_params,cv_accuracy,cv_balanced_accuracy,cv_macro_f1,cv_weighted_f1,cv_critical_precision,cv_critical_recall,cv_critical_f1,cv_critical_to_safe_rate,selected_for_algorithm
EXP1,Random Forest,BASIC_PERSONALIZED,12,0,"{""n_estimators"": 200, ""min_samples_split"": 8, ""min_samples_leaf"": 10, ""max_features"": ""log2"", ""max_depth"": 8, ""criterion"": ""gini"", ""class_weight"": ""balanced"", ""bootstrap"": true}",0.8470695970695971,0.7562491343645136,0.7871992137625298,0.8486065045492766,0.9361702127659575,0.5365853658536586,0.6821705426356589,0.047038327526132406,False
EXP1,Random Forest,TEMPORAL_PERSONALIZED,12,0,"{""n_estimators"": 200, ""min_samples_split"": 8, ""min_samples_leaf"": 10, ""max_features"": ""log2"", ""max_depth"": 8, ""criterion"": ""gini"", ""class_weight"": ""balanced"", ""bootstrap"": true}",0.8606981254040078,0.6986084686524227,0.7507268879684412,0.857473877377415,1.0,0.3797909407665505,0.5505050505050505,0.06097560975609756,False
EXP1,Random Forest,EXTENDED,12,0,"{""n_estimators"": 200, ""min_samples_split"": 12, ""min_samples_leaf"": 6, ""max_features"": 0.75, ""max_depth"": 32, ""criterion"": ""entropy"", ""class_weight"": ""balanced"", ""bootstrap"": false}",0.943815987933635,0.7839395189442193,0.8257664684083599,0.9410004638604174,0.8508474576271187,0.4372822299651568,0.5776754890678941,0.0,True
EXP1,XGBoost,BASIC_PERSONALIZED,12,0,"{""subsample"": 1.0, ""reg_lambda"": 2, ""reg_alpha"": 1.0, ""n_estimators"": 1000, ""min_child_weight"": 5, ""max_depth"": 3, ""learning_rate"": 0.08, ""gamma"": 0.5, ""colsample_bytree"": 0.7, ""class_weight"": ""balanced"", ""critical_weight"": 1.25, ""warning_weight"": 1.25}",0.8546110751993105,0.7322038970308492,0.7447149737346992,0.8547542856561671,0.6341463414634146,0.4529616724738676,0.5284552845528455,0.06097560975609756,False
EXP1,XGBoost,TEMPORAL_PERSONALIZED,12,0,"{""subsample"": 1.0, ""reg_lambda"": 2, ""reg_alpha"": 1.0, ""n_estimators"": 1000, ""min_child_weight"": 5, ""max_depth"": 3, ""learning_rate"": 0.08, ""gamma"": 0.5, ""colsample_bytree"": 0.7, ""class_weight"": ""balanced"", ""critical_weight"": 1.25, ""warning_weight"": 1.25}",0.8332794656324068,0.6932842314626487,0.6874467174626367,0.8342529958178122,0.38682432432432434,0.3989547038327526,0.3927958833619211,0.0627177700348432,False
EXP1,XGBoost,EXTENDED,12,0,"{""subsample"": 1.0, ""reg_lambda"": 2, ""reg_alpha"": 1.0, ""n_estimators"": 500, ""min_child_weight"": 10, ""max_depth"": 5, ""learning_rate"": 0.05, ""gamma"": 0.5, ""colsample_bytree"": 0.9, ""class_weight"": ""balanced"", ""critical_weight"": 2.0, ""warning_weight"": 1.25}",0.9221073044602457,0.7532540009422538,0.7772492722992866,0.9194722238146104,0.6186440677966102,0.38153310104529614,0.47198275862068967,0.0,True
EXP1,SVM,BASIC_PERSONALIZED,12,0,"{""kernel"": ""rbf"", ""C"": 10, ""gamma"": 0.0001, ""class_weight"": null}",0.8489549666020254,0.7355428100193936,0.7661694193012109,0.8486227634462515,0.8061797752808989,0.5,0.6172043010752688,0.0,False
EXP1,SVM,TEMPORAL_PERSONALIZED,12,0,"{""kernel"": ""linear"", ""C"": 10, ""class_weight"": ""balanced""}",0.8364037922861453,0.8129405093584086,0.8016902516041182,0.8374821489228932,0.7397708674304418,0.7874564459930313,0.7628691983122363,0.0,False
EXP1,SVM,EXTENDED,12,0,"{""kernel"": ""linear"", ""C"": 10, ""class_weight"": ""balanced""}",0.8836996336996337,0.8415589158371319,0.774846962809045,0.888293391295004,0.4166666666666667,0.7665505226480837,0.5398773006134969,0.0,True
EXP1,Logistic Regression,BASIC_PERSONALIZED,12,5,"{""penalty"": ""l2"", ""solver"": ""saga"", ""C"": 0.003, ""class_weight"": null, ""max_iter"": 5000}",0.8150721827192415,0.7005597436826223,0.7135205061439249,0.8130356450399714,0.5739299610894941,0.5139372822299652,0.5422794117647058,0.0,False
EXP1,Logistic Regression,TEMPORAL_PERSONALIZED,12,5,"{""penalty"": ""l2"", ""solver"": ""saga"", ""C"": 0.003, ""class_weight"": null, ""max_iter"": 5000}",0.8424908424908425,0.7192758642466558,0.7435766955418027,0.840615465898626,0.6620370370370371,0.49825783972125437,0.5685884691848907,0.0,False
EXP1,Logistic Regression,EXTENDED,12,0,"{""penalty"": ""l1"", ""solver"": ""saga"", ""C"": 0.3, ""class_weight"": null, ""max_iter"": 5000}",0.8728183581124758,0.7813210401930455,0.7501602985687272,0.8752117975711731,0.41403508771929826,0.6167247386759582,0.49545136459062283,0.0,True
EXP2,Random Forest,BASIC_PERSONALIZED,12,0,"{""n_estimators"": 200, ""min_samples_split"": 20, ""min_samples_leaf"": 2, ""max_features"": ""log2"", ""max_depth"": 8, ""criterion"": ""entropy"", ""class_weight"": ""balanced_subsample"", ""bootstrap"": true}",0.7848000245556954,0.6392937783768459,0.6463771277553293,0.780796834012392,0.6706948640483383,0.24735376044568244,0.3614163614163614,0.013370473537604457,False
EXP2,Random Forest,TEMPORAL_PERSONALIZED,12,0,"{""n_estimators"": 200, ""min_samples_split"": 20, ""min_samples_leaf"": 2, ""max_features"": ""log2"", ""max_depth"": 8, ""criterion"": ""entropy"", ""class_weight"": ""balanced_subsample"", ""bootstrap"": true}",0.8209889806316952,0.6220709870720603,0.6269606497392878,0.8088063908562005,0.6858789625360231,0.13259052924791087,0.2222222222222222,0.001671309192200557,False
EXP2,Random Forest,EXTENDED,12,0,"{""n_estimators"": 300, ""min_samples_split"": 8, ""min_samples_leaf"": 1, ""max_features"": 1.0, ""max_depth"": 16, ""criterion"": ""log_loss"", ""class_weight"": ""balanced_subsample"", ""bootstrap"": false}",0.8869210227447129,0.6471182189237819,0.6431492718384657,0.8667488585046903,0.8604651162790697,0.06183844011142061,0.11538461538461539,0.0,True
EXP2,XGBoost,BASIC_PERSONALIZED,12,0,"{""subsample"": 0.7, ""reg_lambda"": 2, ""reg_alpha"": 0, ""n_estimators"": 1000, ""min_child_weight"": 3, ""max_depth"": 5, ""learning_rate"": 0.03, ""gamma"": 0.1, ""colsample_bytree"": 0.7, ""class_weight"": ""balanced"", ""critical_weight"": 2.0, ""warning_weight"": 1.25}",0.7776481782743485,0.63726268523167,0.6430501302872497,0.7745659505710302,0.6372413793103449,0.2573816155988858,0.36666666666666664,0.02395543175487465,False
EXP2,XGBoost,TEMPORAL_PERSONALIZED,12,0,"{""subsample"": 0.9, ""reg_lambda"": 5, ""reg_alpha"": 1.0, ""n_estimators"": 500, ""min_child_weight"": 10, ""max_depth"": 8, ""learning_rate"": 0.02, ""gamma"": 1.0, ""colsample_bytree"": 0.6, ""class_weight"": ""balanced"", ""critical_weight"": 1.25, ""warning_weight"": 0.75}",0.7507289972067896,0.5798432658599872,0.5668363730662923,0.7433298049049689,0.4497816593886463,0.11476323119777158,0.18286728806036395,0.04902506963788301,False
EXP2,XGBoost,EXTENDED,12,0,"{""subsample"": 1.0, ""reg_lambda"": 5, ""reg_alpha"": 0.1, ""n_estimators"": 150, ""min_child_weight"": 1, ""max_depth"": 8, ""learning_rate"": 0.15, ""gamma"": 0.05, ""colsample_bytree"": 0.6, ""class_weight"": ""balanced"", ""critical_weight"": 1.0, ""warning_weight"": 0.75}",0.8255931735166825,0.6789134497695996,0.6879059585515828,0.8193749334510019,0.9655913978494624,0.2501392757660167,0.3973451327433628,0.0,True
EXP2,SVM,BASIC_PERSONALIZED,12,0,"{""kernel"": ""rbf"", ""C"": 10, ""gamma"": 0.0001, ""class_weight"": null}",0.8245802510819853,0.634300636484735,0.6568724042307258,0.8146191484024776,0.771551724137931,0.19944289693593314,0.31695440460380697,0.0,True
EXP2,SVM,TEMPORAL_PERSONALIZED,12,0,"{""kernel"": ""rbf"", ""C"": 10, ""gamma"": 0.0001, ""class_weight"": null}",0.7963105067681635,0.6247501635480078,0.6205409048045385,0.7934526373809159,0.2681318681318681,0.20389972144846796,0.23164556962025318,0.0,False
EXP2,SVM,EXTENDED,12,0,"{""kernel"": ""rbf"", ""C"": 3, ""gamma"": 0.1, ""class_weight"": ""balanced""}",0.8342183615212253,0.5708301394168875,0.5605885910860541,0.8096504574142301,0.0,0.0,0.0,0.0,False
EXP2,Logistic Regression,BASIC_PERSONALIZED,12,0,"{""penalty"": ""l2"", ""solver"": ""lbfgs"", ""C"": 0.01, ""class_weight"": null, ""max_iter"": 5000}",0.8151263083581448,0.6217148262315378,0.6531224118806613,0.8049850935549497,0.7079646017699115,0.22284122562674094,0.3389830508474576,0.0,False
EXP2,Logistic Regression,TEMPORAL_PERSONALIZED,12,0,"{""penalty"": ""l2"", ""solver"": ""saga"", ""C"": 0.003, ""class_weight"": null, ""max_iter"": 5000}",0.8104300316154578,0.6246529540737015,0.6283496813754205,0.804135208607034,0.3236151603498542,0.18551532033426185,0.2358356940509915,0.0,False
EXP2,Logistic Regression,EXTENDED,12,0,"{""penalty"": ""l1"", ""solver"": ""saga"", ""C"": 0.1, ""class_weight"": null, ""max_iter"": 5000}",0.8183492433776359,0.8348080178006766,0.7352523234467565,0.8304778943272927,0.36920448999511957,0.8428969359331476,0.5134905820464959,0.0,True
EXP3,Random Forest,BASIC_PERSONALIZED,12,0,"{""n_estimators"": 200, ""min_samples_split"": 12, ""min_samples_leaf"": 1, ""max_features"": ""sqrt"", ""max_depth"": 24, ""criterion"": ""entropy"", ""class_weight"": ""balanced"", ""bootstrap"": true}",0.7188726364609347,0.590139919244452,0.6123251037027656,0.7139396794221168,0.6190476190476191,0.361998361998362,0.4568475452196382,0.0,False
EXP3,Random Forest,TEMPORAL_PERSONALIZED,12,0,"{""n_estimators"": 200, ""min_samples_split"": 20, ""min_samples_leaf"": 4, ""max_features"": 0.75, ""max_depth"": 8, ""criterion"": ""log_loss"", ""class_weight"": null, ""bootstrap"": false}",0.7892971815911524,0.6546047679071386,0.6660628713721134,0.7796584954008896,1.0,0.26044226044226043,0.41325536062378165,0.0,False
EXP3,Random Forest,EXTENDED,12,0,"{""n_estimators"": 1000, ""min_samples_split"": 12, ""min_samples_leaf"": 4, ""max_features"": 0.5, ""max_depth"": 32, ""criterion"": ""gini"", ""class_weight"": ""balanced"", ""bootstrap"": false}",0.8359614698537281,0.6241169428261127,0.6912616331689717,0.8145772171153566,1.0,0.28665028665028663,0.44557606619987267,0.0,True
EXP3,XGBoost,BASIC_PERSONALIZED,12,0,"{""subsample"": 0.9, ""reg_lambda"": 5, ""reg_alpha"": 1.0, ""n_estimators"": 500, ""min_child_weight"": 10, ""max_depth"": 8, ""learning_rate"": 0.02, ""gamma"": 1.0, ""colsample_bytree"": 0.6, ""class_weight"": ""balanced"", ""critical_weight"": 1.25, ""warning_weight"": 0.75}",0.7090973956475205,0.6266167332747071,0.621086300603883,0.7106263893249597,0.6112676056338028,0.35544635544635544,0.4495080269290523,0.0,False
EXP3,XGBoost,TEMPORAL_PERSONALIZED,12,0,"{""subsample"": 1.0, ""reg_lambda"": 2, ""reg_alpha"": 1.0, ""n_estimators"": 1000, ""min_child_weight"": 5, ""max_depth"": 3, ""learning_rate"": 0.08, ""gamma"": 0.5, ""colsample_bytree"": 0.7, ""class_weight"": ""balanced"", ""critical_weight"": 1.25, ""warning_weight"": 1.25}",0.7774527292186942,0.6325687871701997,0.6452256478142315,0.7706426515104908,0.4622166246851385,0.30057330057330056,0.36426799007444166,0.0,False
EXP3,XGBoost,EXTENDED,12,0,"{""subsample"": 0.6, ""reg_lambda"": 2, ""reg_alpha"": 1.0, ""n_estimators"": 700, ""min_child_weight"": 5, ""max_depth"": 6, ""learning_rate"": 0.05, ""gamma"": 1.0, ""colsample_bytree"": 0.6, ""class_weight"": ""balanced"", ""critical_weight"": 1.5, ""warning_weight"": 0.75}",0.8163396361041741,0.6970529632410208,0.7114476915329186,0.8113240967972514,0.6293888166449935,0.3963963963963964,0.4864321608040201,0.0,True
EXP3,SVM,BASIC_PERSONALIZED,12,0,"{""kernel"": ""rbf"", ""C"": 10, ""gamma"": 0.0001, ""class_weight"": null}",0.781805208704959,0.5509545337627003,0.5357285255282989,0.749198634208981,0.08620689655172414,0.00819000819000819,0.014958863126402393,0.0,False
EXP3,SVM,TEMPORAL_PERSONALIZED,12,0,"{""kernel"": ""rbf"", ""C"": 10, ""gamma"": 0.0001, ""class_weight"": null}",0.8286835533357118,0.7364285947829691,0.7580943113775697,0.8256349890826389,0.7124505928853755,0.5904995904995906,0.64576802507837,0.0,False
EXP3,SVM,EXTENDED,12,0,"{""kernel"": ""rbf"", ""C"": 10, ""gamma"": 0.0001, ""class_weight"": null}",0.8736353906528719,0.8335500808264563,0.8089834212524826,0.8775134150214557,0.5520640788662969,0.7338247338247338,0.630098452883263,0.0,True
EXP3,Logistic Regression,BASIC_PERSONALIZED,12,0,"{""penalty"": ""l2"", ""solver"": ""newton-cg"", ""C"": 30, ""class_weight"": null, ""max_iter"": 5000}",0.792222618622904,0.6924290491734372,0.6960177225007906,0.790181394279132,0.5783664459161147,0.42915642915642915,0.4927127409496944,0.0,False
EXP3,Logistic Regression,TEMPORAL_PERSONALIZED,12,0,"{""penalty"": ""l2"", ""solver"": ""lbfgs"", ""C"": 0.01, ""class_weight"": null, ""max_iter"": 5000}",0.8330360328219765,0.7351217643197433,0.7671358593202795,0.8283673409379654,0.7812828601472135,0.6085176085176085,0.6841620626151013,0.0,False
EXP3,Logistic Regression,EXTENDED,12,0,"{""penalty"": ""l2"", ""solver"": ""lbfgs"", ""C"": 0.01, ""class_weight"": null, ""max_iter"": 5000}",0.845594006421691,0.7325611148284121,0.7417812956023754,0.845888085831259,0.4639175257731959,0.47911547911547914,0.47139403706688154,0.0,True
