experiment,experiment_name,model,feature_set,accuracy,balanced_accuracy,macro_f1,weighted_f1,critical_precision,critical_recall,critical_f1,critical_to_safe_count,critical_flag,best_in_experiment
EXP1,Synthetic -> Worker 1 Real,Random Forest,EXTENDED,0.781377095968605,0.6014171569016468,0.540007372984405,0.7481548991935889,1.0,0.000819000819000819,0.0016366612111292963,0,POOR CRITICAL DETECTION (Critical recall 0.001),True
EXP1,Synthetic -> Worker 1 Real,XGBoost,EXTENDED,0.7382090617195861,0.6187248832701129,0.5850537905382619,0.7240536741124954,1.0,0.14086814086814087,0.24694903086862885,0,POOR CRITICAL DETECTION (Critical recall 0.141),False
EXP1,Synthetic -> Worker 1 Real,SVM,EXTENDED,0.6278986799857296,0.7972472103742417,0.6389075241339791,0.6845828996367984,0.1913937058445729,0.9762489762489762,0.3200429587864143,0,OK,False
EXP1,Synthetic -> Worker 1 Real,Logistic Regression,EXTENDED,0.7144488048519444,0.8371695290779764,0.6813785977251787,0.7408501022974713,0.30066486087170646,1.0,0.4623248769405528,0,OK,False
EXP2,Synthetic + Worker 1 -> Worker 2 Real,Random Forest,EXTENDED,0.9285352622061482,0.65737738664284,0.6553189228931164,0.9310081867209512,0.06301369863013699,0.08846153846153847,0.0736,0,POOR CRITICAL DETECTION (Critical recall 0.088),False
EXP2,Synthetic + Worker 1 -> Worker 2 Real,XGBoost,EXTENDED,0.9546473779385172,0.6765653581741117,0.68476855925335,0.9501491376497274,0.20535714285714285,0.08846153846153847,0.12365591397849462,0,POOR CRITICAL DETECTION (Critical recall 0.088),True
EXP2,Synthetic + Worker 1 -> Worker 2 Real,SVM,BASIC_PERSONALIZED,0.6365280289330922,0.4376866802721106,0.42482596341873924,0.6233480783777808,0.0,0.0,0.0,1,UNSAFE CRITICAL DETECTION: model missed every Critical test observation.,False
EXP2,Synthetic + Worker 1 -> Worker 2 Real,Logistic Regression,EXTENDED,0.9132007233273056,0.6193185508466242,0.6138927580886967,0.9042457344856475,0.0,0.0,0.0,0,UNSAFE CRITICAL DETECTION: model missed every Critical test observation.,False
EXP3,Worker 1 -> Worker 2 Real,Random Forest,EXTENDED,0.8894755877034358,0.6038005104721665,0.5981110336618576,0.881000916140151,0.0,0.0,0.0,0,UNSAFE CRITICAL DETECTION: model missed every Critical test observation.,False
EXP3,Worker 1 -> Worker 2 Real,XGBoost,EXTENDED,0.8926582278481012,0.6062570529993621,0.6003684778151204,0.8842733231204074,0.0,0.0,0.0,0,UNSAFE CRITICAL DETECTION: model missed every Critical test observation.,True
EXP3,Worker 1 -> Worker 2 Real,SVM,EXTENDED,0.8439059674502712,0.5770117039386945,0.5679161210623754,0.8357502323113198,0.0,0.0,0.0,0,UNSAFE CRITICAL DETECTION: model missed every Critical test observation.,False
EXP3,Worker 1 -> Worker 2 Real,Logistic Regression,EXTENDED,0.8357323688969258,0.57193849801262,0.5621316001589222,0.827097690717787,0.0,0.0,0.0,0,UNSAFE CRITICAL DETECTION: model missed every Critical test observation.,False
