,importance,kind
temp_warning_exposure_sec,0.10354092582208053,mean |coefficient| (standardized)
uv_warning_exposure_sec,0.0899862470916481,mean |coefficient| (standardized)
noise_dose_pct,0.05599783863753084,mean |coefficient| (standardized)
hr_critical_exposure_sec,0.04836098324555959,mean |coefficient| (standardized)
ambient_temp_rolling_mean_300s,0.04649977338981129,mean |coefficient| (standardized)
noise_critical_exposure_sec,0.044603793241669326,mean |coefficient| (standardized)
uv_rolling_mean_300s,0.04385413077272492,mean |coefficient| (standardized)
uv_index,0.04198370527413222,mean |coefficient| (standardized)
body_temp_deviation_pct,0.04016117466461683,mean |coefficient| (standardized)
body_temp_deviation_c,0.03919951508145602,mean |coefficient| (standardized)
hr_warning_exposure_sec,0.035737494926861485,mean |coefficient| (standardized)
heart_rate_rolling_mean_60s,0.034798844112165835,mean |coefficient| (standardized)
heart_rate_rolling_mean_30s,0.032081455611349605,mean |coefficient| (standardized)
uv_trend_300s_per_min,0.03150558473998236,mean |coefficient| (standardized)
noise_rolling_mean_60s,0.029964119506211934,mean |coefficient| (standardized)
hr_deviation_pct,0.028487551272492063,mean |coefficient| (standardized)
ambient_temperature,0.027899114292087593,mean |coefficient| (standardized)
uv_critical_exposure_sec,0.02417038725124285,mean |coefficient| (standardized)
hr_deviation_bpm,0.02147305339393432,mean |coefficient| (standardized)
ambient_temp_trend_300s_c_per_min,0.020559037777179573,mean |coefficient| (standardized)
noise_warning_exposure_sec,0.019869768589056987,mean |coefficient| (standardized)
body_temp_rolling_mean_300s,0.01736730022690363,mean |coefficient| (standardized)
body_temp_trend_300s_c_per_min,0.017194301809482438,mean |coefficient| (standardized)
temp_critical_exposure_sec,0.01677517696818292,mean |coefficient| (standardized)
heart_rate_rolling_std_60s,0.013221430990036595,mean |coefficient| (standardized)
gas,0.010760775904280189,mean |coefficient| (standardized)
hr_trend_60s_bpm_per_min,0.009668119502723454,mean |coefficient| (standardized)
noise_trend_60s_db_per_min,0.008330762657797818,mean |coefficient| (standardized)
heart_rate,0.008239434268675861,mean |coefficient| (standardized)
noise,0.007591242896269439,mean |coefficient| (standardized)
body_temp_warning_exposure_sec,0.006074481816795443,mean |coefficient| (standardized)
gas_critical_exposure_sec,0.005989172078338774,mean |coefficient| (standardized)
body_temperature,0.005753468091547352,mean |coefficient| (standardized)
gas_ratio_to_baseline,0.005287976895515141,mean |coefficient| (standardized)
gas_rolling_mean_30s,0.00476758186291283,mean |coefficient| (standardized)
gas_warning_exposure_sec,0.0019679937037148775,mean |coefficient| (standardized)
gas_trend_60s_per_min,0.00027628163302886627,mean |coefficient| (standardized)
body_temp_critical_exposure_sec,0.0,mean |coefficient| (standardized)
