,macro_f1_drop_mean,macro_f1_drop_std
uv_warning_exposure_sec,0.18824714423537858,0.003091484035508218
hr_warning_exposure_sec,0.01178602920615309,0.0005224530255884864
uv_critical_exposure_sec,0.0094037335735249,0.00028422516452178203
ambient_temp_rolling_mean_300s,0.0063773023489991365,0.0007248003692416191
body_temp_trend_300s_c_per_min,0.005716141943956606,0.0004077721050345481
heart_rate_rolling_mean_30s,0.003885385299293683,0.0006879404330192563
ambient_temperature,0.0021908613810435185,0.0007815106116505276
heart_rate,0.0018947406954275732,0.00014266559621061795
heart_rate_rolling_mean_60s,0.0017979672569195342,0.0004084019286621822
noise_dose_pct,0.0015167817207114576,0.0007117994710364914
ambient_temp_trend_300s_c_per_min,0.00034057655908892315,0.00016354436167969515
gas_critical_exposure_sec,0.0001894216560414108,3.924639508659558e-05
noise_warning_exposure_sec,5.9228663188341336e-05,1.3072286232891514e-05
noise_critical_exposure_sec,1.3375289627156247e-05,6.006396643849953e-05
temp_critical_exposure_sec,0.0,0.0
body_temp_critical_exposure_sec,0.0,0.0
hr_critical_exposure_sec,0.0,0.0
body_temp_warning_exposure_sec,0.0,0.0
gas_trend_60s_per_min,0.0,0.0
temp_warning_exposure_sec,-6.575763719466702e-07,4.000919689826432e-05
gas,-1.4729455101503142e-05,0.0006665168185572586
gas_warning_exposure_sec,-5.3266810967511624e-05,3.921361763536513e-05
noise,-0.0001403666313003112,9.881317676798876e-05
uv_trend_300s_per_min,-0.00019950311010844915,0.0002174975600653042
noise_trend_60s_db_per_min,-0.00028044300814744627,7.603418205011484e-05
hr_deviation_bpm,-0.0003563565962642438,0.0001410394783432658
gas_ratio_to_baseline,-0.0008117063421460013,0.00033691032622149415
gas_rolling_mean_30s,-0.0008374262348090541,0.0004078246413753513
noise_rolling_mean_60s,-0.0009704067394037397,0.00032581035019476105
heart_rate_rolling_std_60s,-0.0013401826562622714,0.00044071552852928994
body_temp_deviation_pct,-0.001389485225476698,0.00014054685479445854
uv_index,-0.002054795152982162,3.7591463099149265e-05
body_temp_deviation_c,-0.0020953500133268723,0.0009694683661256503
body_temperature,-0.00218834566671533,0.00012888111718149388
hr_trend_60s_bpm_per_min,-0.00227155298457297,0.000312944782631764
hr_deviation_pct,-0.0025598431669502006,0.0003036894272877266
body_temp_rolling_mean_300s,-0.003557305329309831,0.00012652464004026296
uv_rolling_mean_300s,-0.005546585155006574,0.0006527655000153219
