model,feature_set,held_out_worker,n_train,n_test,accuracy,balanced_accuracy,macro_precision,macro_recall,macro_f1,weighted_f1,safe_precision,safe_recall,safe_f1,warning_precision,warning_recall,warning_f1,critical_precision,critical_recall,critical_f1,critical_false_negative_rate,critical_to_safe_rate
Logistic Regression,CORE,S_001,28020,4559,0.9302478613731081,0.3333333333333333,0.3100826204577027,0.3333333333333333,0.3212878787878788,0.8966320863825799,0.0,0.0,0.0,0.9302478613731081,1.0,0.9638636363636364,0.0,0.0,0.0,1.0,0.0
Logistic Regression,CORE,S_002,27911,4668,0.7465724078834619,0.5774601275917065,0.788005137303492,0.5774601275917065,0.5638477830534753,0.6809749599044105,0.7420752565564425,0.9860606060606061,0.8468445022771633,0.8339350180505415,0.16885964912280702,0.28085106382978725,0.0,,0.0,,
Logistic Regression,CORE,S_003,27873,4706,0.9511262218444538,0.7024653760922445,0.8870795047690306,0.7024653760922445,0.7369998422566847,0.9489141913524531,0.9642857142857143,0.3068181818181818,0.46551724137931033,0.9717619603267211,0.9744909899368125,0.9731245618135078,0.7251908396946565,0.8260869565217391,0.7723577235772358,0.17391304347826086,0.0
Logistic Regression,CORE,S_004,27948,4631,0.6741524508745411,0.4551240511633665,0.45375263729878834,0.4551240511633665,0.4499114769573132,0.6673966460895082,0.6453848960233491,0.7834366696191319,0.707741548309662,0.7158730158730159,0.5819354838709677,0.6419928825622776,0.0,0.0,0.0,1.0,0.0
Logistic Regression,CORE,W_001,18564,14015,0.42404566535854443,0.5991804333074768,0.6010833269553421,0.599180433307477,0.43473582839614067,0.48995252612943674,0.6823979591836735,0.4702607676530911,0.5568083261058109,0.9774718397997497,0.3330135380023452,0.49677983620895283,0.14338018188260304,0.9942669942669943,0.2506193228736581,0.005733005733005725,0.0
Random Forest,CORE,S_001,28020,4559,0.9359508664180741,0.4695829324557916,0.5297836901784564,0.4695829324557916,0.4910498928680747,0.9142943160694262,0.6477272727272727,0.41605839416058393,0.5066666666666667,0.9416237978080966,0.9926904032067908,0.9664830119375574,0.0,0.0,0.0,1.0,0.0
Random Forest,CORE,S_002,27911,4668,0.8046272493573264,0.8177379053694843,0.7742421229733863,0.8177379053694843,0.7843311921214209,0.8117138615207014,0.9264285714285714,0.786060606060606,0.8504918032786886,0.6220556745182013,0.8494152046783626,0.7181705809641533,0.0,,0.0,,
Random Forest,CORE,S_003,27873,4706,0.9158521036974075,0.43904327311413255,0.84509536497614,0.43904327311413255,0.49230744071410276,0.8944513677340206,1.0,0.11363636363636363,0.20408163265306123,0.9237158469945356,0.9890007020828457,0.955244122965642,0.6115702479338843,0.2144927536231884,0.31759656652360513,0.7855072463768116,0.0
Random Forest,CORE,S_004,27948,4631,0.7639818613690348,0.5134638767456848,0.5217202350395803,0.5134638767456848,0.5094578903868483,0.7566617068442314,0.854057209573847,0.6479185119574845,0.7368421052631579,0.7111034955448937,0.8924731182795699,0.791531565897387,0.0,0.0,0.0,1.0,0.0
Random Forest,CORE,W_001,18564,14015,0.772386728505173,0.5864506142445108,0.49609265763325355,0.5864506142445108,0.5311654446745349,0.7398340931375699,0.6429136975455265,0.9516554351010841,0.7673951565268754,0.8453642753542341,0.8076964076324485,0.8261011774967292,0.0,0.0,0.0,1.0,0.0
XGBoost,CORE,S_001,28020,4559,0.937266944505374,0.48418147260177696,0.5377006345651362,0.48418147260177696,0.5042012126781251,0.9160795293613362,0.6702127659574468,0.45985401459854014,0.5454545454545454,0.9428891377379619,0.9926904032067908,0.96714909257983,0.0,0.0,0.0,1.0,0.0
XGBoost,CORE,S_002,27911,4668,0.8472579263067695,0.8033811802232855,0.8200714186391898,0.8033811802232855,0.8108931157160946,0.8452149594196529,0.8787701317715959,0.9093939393939394,0.8938198064035741,0.7613727055067837,0.6973684210526315,0.7279664250286151,0.0,,0.0,,
XGBoost,CORE,S_003,27873,4706,0.9218019549511263,0.5707986749946374,0.840471035876643,0.5707986749946374,0.6076218251083708,0.9167582850237158,1.0,0.17045454545454544,0.2912621359223301,0.9495740271701589,0.9651298853264685,0.957288765088208,0.5718390804597702,0.5768115942028985,0.5743145743145743,0.4231884057971015,0.0
XGBoost,CORE,S_004,27948,4631,0.7499460159792701,0.504446920705671,0.5047308547481454,0.504446920705671,0.5014594140316417,0.7446512191382109,0.7989583333333333,0.6793622674933569,0.7343226424126377,0.7152342309111029,0.8339784946236559,0.7700555996822875,0.0,0.0,0.0,1.0,0.0
XGBoost,CORE,W_001,18564,14015,0.690189083125223,0.5462002745823491,0.44909828944942615,0.5462002745823491,0.4742927433819184,0.6649658983043543,0.522024667627743,0.9548784060943452,0.6750207125103562,0.8252702007205353,0.6837224176527023,0.7478575176353991,0.0,0.0,0.0,1.0,0.013923013923013924
SVM,CORE,S_001,28020,4559,0.9506470717262557,0.6217144218679668,0.7906536783178604,0.6217144218679667,0.6840742004049504,0.9447794151919089,0.589041095890411,0.31386861313868614,0.4095238095238095,0.9603392939018799,0.9877387408630041,0.9738463326746484,0.8225806451612904,0.56353591160221,0.6688524590163935,0.43646408839779005,0.0
SVM,CORE,S_002,27911,4668,0.7842759211653814,0.7245986177565125,0.7401473956012957,0.7245986177565125,0.7312808428793518,0.7806713355221926,0.8331880267364138,0.8687878787878788,0.8506156356623646,0.6471067644661777,0.5804093567251462,0.6119460500963391,0.0,,0.0,,
SVM,CORE,S_003,27873,4706,0.9037399065023375,0.44306923671538695,0.4292945669404813,0.44306923671538695,0.4354127537069441,0.8684473507493538,0.375,0.3409090909090909,0.35714285714285715,0.912883700821444,0.98829861923707,0.9490954039779751,0.0,0.0,0.0,1.0,0.0
SVM,CORE,S_004,27948,4631,0.5776290218095443,0.4107563470067399,0.4048890877775763,0.4107563470067399,0.399213083152266,0.5759263829791759,0.5877192982456141,0.7121346324180691,0.6439727673207849,0.6048891415577032,0.45763440860215054,0.5210577864838394,0.022058823529411766,0.0625,0.03260869565217391,0.9375,0.0
SVM,CORE,W_001,18564,14015,0.6097038886906886,0.515252806813855,0.42054340006045265,0.515252806813855,0.42523787576531696,0.5889230507982876,0.45208388638173613,0.9979490184588339,0.6222709418105417,0.8095463137996219,0.5478094019827311,0.6534426854854091,0.0,0.0,0.0,1.0,0.015561015561015561
Logistic Regression,EXTENDED,S_001,28020,4559,0.928054397894275,0.6131981582773111,0.7798089501915394,0.6131981582773111,0.6078326763115743,0.9240848745141397,0.3832599118942731,0.635036496350365,0.47802197802197804,0.9561669386803451,0.9669889177080877,0.9615474794841735,1.0,0.23756906077348067,0.38392857142857145,0.7624309392265194,0.0
Logistic Regression,EXTENDED,S_002,27911,4668,0.8920308483290489,0.8399694311536416,0.8946487464686996,0.8399694311536416,0.8614461784593487,0.8889655609187496,0.8929672177080414,0.9657575757575757,0.9279371087494541,0.8963302752293578,0.7141812865497076,0.7949552481692432,0.0,,0.0,,
Logistic Regression,EXTENDED,S_003,27873,4706,0.9073523161920952,0.6233276969370133,0.8184328733851874,0.6233276969370133,0.5887714521074102,0.9096275389117565,1.0,0.11363636363636363,0.20408163265306123,0.9664478482859227,0.9302597706529371,0.948008585738135,0.4888507718696398,0.8260869565217391,0.6142241379310345,0.17391304347826086,0.0
Logistic Regression,EXTENDED,S_004,27948,4631,0.7993953789678255,0.6007045201291467,0.5916054391260741,0.6007045201291465,0.5898917492363495,0.7981190176609342,0.7650781831720029,0.9100974313551816,0.8313106796116505,0.8712765957446809,0.704516129032258,0.7790725326991677,0.13846153846153847,0.1875,0.1592920353982301,0.8125,0.0
Logistic Regression,EXTENDED,W_001,18564,14015,0.5781662504459507,0.7044699191030901,0.7191823148089935,0.7044699191030901,0.576082109376747,0.6619941787636328,1.0,0.6193964254321711,0.7649719558530849,0.9872164948453608,0.5103933482571155,0.6728971962616822,0.17033044958161964,0.9836199836199836,0.2903771760154739,0.016380016380016404,0.0
Random Forest,EXTENDED,S_001,28020,4559,0.9442860276376398,0.5596858611710157,0.569185729352293,0.5596858611710157,0.5636767830930086,0.9246593069221025,0.7580645161290323,0.6861313868613139,0.7203065134099617,0.9494926719278467,0.9929261966517331,0.9707238358690641,0.0,0.0,0.0,1.0,0.0
Random Forest,EXTENDED,S_002,27911,4668,0.8991002570694088,0.8907615629984051,0.8732061424804121,0.8907615629984051,0.8811295350956713,0.9002587003040794,0.944392082940622,0.9109090909090909,0.9273484497917631,0.802020202020202,0.8706140350877193,0.8349106203995794,0.0,,0.0,,
Random Forest,EXTENDED,S_003,27873,4706,0.920951976200595,0.612622243970243,0.5909507539655877,0.612622243970243,0.6012929760298181,0.8858181840229395,0.8505747126436781,0.8409090909090909,0.8457142857142858,0.9222775492530851,0.9969576410016382,0.9581646423751687,0.0,0.0,0.0,1.0,0.0
Random Forest,EXTENDED,S_004,27948,4631,0.8892247894623192,0.5988556498439638,0.593566045655573,0.5988556498439638,0.5959387859532654,0.8846221520134012,0.9102974828375286,0.8808680248007086,0.8953409858203917,0.8704006541291905,0.9156989247311828,0.8924753720394047,0.0,0.0,0.0,1.0,0.0
Random Forest,EXTENDED,W_001,18564,14015,0.7808776311095255,0.599626167305794,0.5028171033191694,0.599626167305794,0.5389208228199466,0.7475995086447902,0.6496839685883931,0.9938470553765016,0.7857308315960158,0.8587673413691153,0.8050314465408805,0.831031636863824,0.0,0.0,0.0,1.0,0.0
XGBoost,EXTENDED,S_001,28020,4559,0.9613950427725378,0.7293455381473403,0.9266526496341277,0.7293455381473404,0.7392154776713543,0.9517567553746101,0.8132530120481928,0.9854014598540146,0.8910891089108911,0.9667049368541906,0.9926904032067908,0.9795253606328524,1.0,0.20994475138121546,0.3470319634703196,0.7900552486187845,0.0
XGBoost,EXTENDED,S_002,27911,4668,0.9387317909168809,0.9025292397660818,0.9496896777003484,0.9025292397660818,0.9221960100517975,0.9370413300477739,0.928125,0.99,0.9580645161290322,0.9712543554006968,0.8150584795321637,0.8863275039745628,0.0,,0.0,,
XGBoost,EXTENDED,S_003,27873,4706,0.9417764555886103,0.626107761545902,0.9733113311331133,0.626107761545902,0.7219714090581771,0.9287461074169057,0.98,0.5568181818181818,0.7101449275362319,0.9399339933993399,0.9997659723847414,0.9689271943751417,1.0,0.3217391304347826,0.4868421052631579,0.6782608695652175,0.0
XGBoost,EXTENDED,S_004,27948,4631,0.9149211833297344,0.6161335403233743,0.6109870112099416,0.6161335403233743,0.6131788400559062,0.910205159962967,0.940959409594096,0.9034543844109831,0.921825576140985,0.8920016240357288,0.9449462365591398,0.9177109440267335,0.0,0.0,0.0,1.0,0.0
XGBoost,EXTENDED,W_001,18564,14015,0.6772029967891545,0.5720765273367577,0.7806706615453072,0.5720765273367577,0.5137811423479481,0.6611889030276644,0.500882612533098,0.9976560210958101,0.6669278229360494,0.8411293721028235,0.6383114806523825,0.7258181818181818,1.0,0.08026208026208026,0.14859742228961334,0.9197379197379197,0.0
SVM,EXTENDED,S_001,28020,4559,0.9256415880675587,0.5669612194032125,0.6229276124585758,0.5669612194032125,0.590590892322089,0.9214918187277981,0.44715447154471544,0.40145985401459855,0.4230769230769231,0.952878365831012,0.9679320914878566,0.960346239326237,0.46875,0.3314917127071823,0.3883495145631068,0.6685082872928176,0.0
SVM,EXTENDED,S_002,27911,4668,0.7997000856898029,0.7248086124401913,0.7662518052897449,0.7248086124401913,0.7394311554149298,0.791297335054598,0.8272903404373098,0.9057575757575758,0.8647475770287864,0.70521327014218,0.543859649122807,0.6141147338010731,0.0,,0.0,,
SVM,EXTENDED,S_003,27873,4706,0.9028899277518062,0.5466335482132346,0.4440523121206433,0.5466335482132346,0.48568974950859073,0.8705580902326465,0.4142857142857143,0.6590909090909091,0.5087719298245614,0.9178712220762155,0.9808097355487948,0.9482973187012106,0.0,0.0,0.0,1.0,0.0
SVM,EXTENDED,S_004,27948,4631,0.7220902612826603,0.48664996777685715,0.48153437812358585,0.48664996777685715,0.4838734497552614,0.7181877228256117,0.7143458140513252,0.7519929140832595,0.7326860841423948,0.7302573203194321,0.7079569892473119,0.7189342651233894,0.0,0.0,0.0,1.0,0.0
SVM,EXTENDED,W_001,18564,14015,0.7554762754191937,0.5889936801353496,0.5205731174369254,0.5889936801353495,0.5232683542726263,0.7252484632925924,0.6101179835538076,1.0,0.7578550016653713,0.8548271752085816,0.764524037949046,0.8071577288841371,0.0967741935483871,0.002457002457002457,0.004792332268370607,0.9975429975429976,0.0
